user_id,first_name,last_name,password,username,email,role
1,Baxter,Bartot,rW6>Y3vYN,bbartot0,bbartot0@de.vu,U
2,Giuditta,Treske,"xU6#.6F}""(6_ui",gtreske1,gtreske1@t-online.de,U
3,Mady,Deeth,eB5!fK8qR|Ar=q,mdeeth2,mdeeth2@mac.com,U
4,Wyndham,McKiddin,fD6<!`fx}7=O,wmckiddin3,wmckiddin3@techcrunch.com,U
5,Marwin,Varty,lI2@?6z8HE,mvarty4,mvarty4@dell.com,U
6,Raul,Americi,cK5&b5qfqFZt!y,ramerici5,ramerici5@barnesandnoble.com,U
7,Maurice,Wyett,xF8#TJn#s/OXgYrc,mwyett6,mwyett6@a8.net,U
8,Gale,Seear,wS0$=%pHg,gseear7,gseear7@digg.com,U
9,Una,Jendrys,bW9=ZaiG1edfn?6,ujendrys8,ujendrys8@over-blog.com,U
10,Marc,Farrimond,"hQ8@?+""5Ta",mfarrimond9,mfarrimond9@samsung.com,U
11,Bartholemy,Chillingworth,vE9)9$h~X_EId,bchillingwortha,bchillingwortha@sohu.com,U
12,Kaitlynn,Borg,iI9/`3eu3(0}@I},kborgb,kborgb@umn.edu,U
13,Dotty,Lightwood,rC2#4R41kNUkq3,dlightwoodc,dlightwoodc@ezinearticles.com,U
14,Vladimir,Russel,fM1!9b~Jj.A,vrusseld,vrusseld@ovh.net,U
15,Cleon,Ruprich,eX1!Snhk5A,crupriche,crupriche@163.com,U
16,Aggie,Kender,"eK4?|AP&""Ze2Tom",akenderf,akenderf@youtube.com,U
17,Garrott,Pyrah,gC7&QWs<XS}h,gpyrahg,gpyrahg@ning.com,U
18,Ramona,Checketts,uT9(=K*&,rcheckettsh,rcheckettsh@bing.com,U
19,Franklin,Randle,"oX1&}0OA""QdBn0\",frandlei,frandlei@dailymail.co.uk,U
20,Winonah,Vautre,qT6'H/l{n7K+!,wvautrej,wvautrej@springer.com,U
21,Ashby,Sixsmith,"mP1\""mIUg*gheu!",asixsmithk,asixsmithk@blogs.com,U
22,Jessie,MacCambridge,jR4%<(UN\|ti},jmaccambridgel,jmaccambridgel@i2i.jp,U
23,Alley,Phoebe,cF8/.cqmV+@6DH,aphoebem,aphoebem@foxnews.com,U
24,Kiley,Jaques,xY5)}x|F1$.0n1r,kjaquesn,kjaquesn@zdnet.com,U
25,Nicole,Deval,oK4>ZkM>kE+uHl,ndevalo,ndevalo@g.co,U
26,Kimmi,Pizzie,uT1~R<}Ob1+V,kpizziep,kpizziep@themeforest.net,U
27,Brittani,Filippi,"rI6<3zSBFV""",bfilippiq,bfilippiq@dmoz.org,U
28,Fleurette,Cowherd,nH2'zdCqER\R,fcowherdr,fcowherdr@skyrock.com,U
29,Dodie,Docket,aK1>f7Da@J(b0c,ddockets,ddockets@telegraph.co.uk,U
30,Franklin,Giraudeau,cA2@4WLdA0'i,fgiraudeaut,fgiraudeaut@engadget.com,U
31,Lian,Goulbourn,"bX9~|@""J\'{",lgoulbournu,lgoulbournu@loc.gov,U
32,Bird,Wolfenden,uS0<AP7/I.Mz+,bwolfendenv,bwolfendenv@wikimedia.org,U
33,Rudie,Olphert,hR5/5EzabB7,rolphertw,rolphertw@weebly.com,U
34,Steffen,Brouard,dY8!\>|FxUy#O,sbrouardx,sbrouardx@cam.ac.uk,U
35,Allyce,Frizzell,bS9<5Po$_,afrizzelly,afrizzelly@weebly.com,U
36,Leif,Quincee,xT4{q9xtZw%r,lquinceez,lquinceez@guardian.co.uk,U
37,Imogene,Abdey,xB3>zgbA78~Ut,iabdey10,iabdey10@cnbc.com,U
38,Sophronia,Human,eE6#C23xkXQbFTI,shuman11,shuman11@rambler.ru,U
39,Ondrea,Flooks,sK6)u1iHv6BxF).@,oflooks12,oflooks12@1688.com,U
40,Ajay,Bushby,fX3/Cc/W=<YLaZ,abushby13,abushby13@technorati.com,U
41,Melissa,Beaford,jO7_Aj<sux,mbeaford14,mbeaford14@nytimes.com,U
42,Annalee,De Beauchamp,pQ9_*IuULKT,adebeauchamp15,adebeauchamp15@blinklist.com,U
43,Bridie,Whaymand,eC2'LHw?gY,bwhaymand16,bwhaymand16@comcast.net,U
44,Ema,Peaden,pG7~(u~c,epeaden17,epeaden17@dailymotion.com,U
45,Ulrika,Mariaud,sQ9)GvB1QPU)+2O,umariaud18,umariaud18@51.la,U
46,Masha,Guise,"uJ4"".fvfd7",mguise19,mguise19@wiley.com,U
47,Reinaldos,Kirsopp,"tN7""?Z3iN63~uS",rkirsopp1a,rkirsopp1a@reddit.com,U
48,Benedicta,Shankland,zN9(`#6p,bshankland1b,bshankland1b@creativecommons.org,U
49,Micki,Fourcade,sA7#j}JTH/'Ln,mfourcade1c,mfourcade1c@wordpress.com,U
50,Pierce,Stanett,oV2a5Jhf~<P+nRpq,pstanett1d,pstanett1d@opera.com,U
51,Eziechiele,Camelli,uS1{/o)H,ecamelli1e,ecamelli1e@yelp.com,U
52,Thorndike,Albone,cX7_6$8'_Yh1R<QX,talbone1f,talbone1f@pagesperso-orange.fr,U
53,Jeth,Lofthouse,"jE3#Nk)""LdE'y5",jlofthouse1g,jlofthouse1g@cnbc.com,U
54,Moria,Demelt,wQ6}w7j5U~>b\,mdemelt1h,mdemelt1h@aol.com,U
55,Tabbie,Hawthorne,nX3`usw@0v>a2F1,thawthorne1i,thawthorne1i@examiner.com,U
56,Yevette,Do,kZ8|rTZ(.2V,ydo1j,ydo1j@goodreads.com,U
57,Shawnee,Spurdon,wG0_3CyRja3Eq}x,sspurdon1k,sspurdon1k@usatoday.com,U
58,Ailyn,Wastell,wD7/RU}Z?}zWP,awastell1l,awastell1l@timesonline.co.uk,U
59,Piotr,Mc Harg,hE3'm{zlvO),pmcharg1m,pmcharg1m@issuu.com,U
60,Darryl,Duddy,bI0~gZ4Tb,dduddy1n,dduddy1n@bing.com,U
61,Gaspard,Linscott,bC0!5{.#U,glinscott1o,glinscott1o@indiegogo.com,U
62,Tawnya,Sturton,xD6/@aeia5Q/zuI,tsturton1p,tsturton1p@cdbaby.com,U
63,Rafferty,Raynes,oT2~(M44Zp+p7N,rraynes1q,rraynes1q@sogou.com,U
64,Tina,Dockery,"lF2""E6r>jUs",tdockery1r,tdockery1r@shinystat.com,U
65,Leesa,Kubczak,vG0<n127.,lkubczak1s,lkubczak1s@g.co,U
66,Turner,McIlwaine,rJ3$'6a({vs*.q~,tmcilwaine1t,tmcilwaine1t@hibu.com,U
67,Antonella,Borham,qH4&pYM3pt~K8|/,aborham1u,aborham1u@spiegel.de,U
68,Buiron,Fulle,fV1!@IMt%J,bfulle1v,bfulle1v@cbsnews.com,U
69,Tann,Groucock,nR7($LQ@ll,tgroucock1w,tgroucock1w@newsvine.com,U
70,Austen,Shearwood,"tY8""B2m#V_>fx",ashearwood1x,ashearwood1x@skyrock.com,U
71,Carlotta,Walcar,"hU6<y""8/XytGp6`",cwalcar1y,cwalcar1y@addtoany.com,U
72,Riannon,Estcourt,gN7{yI(8I'TskQ,restcourt1z,restcourt1z@ed.gov,U
73,Corrianne,Luck,fG6!.A!#?,cluck20,cluck20@ihg.com,U
74,Mohandis,Spolton,kH3<Ij%Km\bC,mspolton21,mspolton21@privacy.gov.au,U
75,Emlyn,Finlator,cE5+~<SkwpPY,efinlator22,efinlator22@nbcnews.com,U
76,Ashely,McEniry,"zR3%*fW""@",amceniry23,amceniry23@posterous.com,U
77,Izak,Rodrigo,bW9@Q!Ov(S=o\LyB,irodrigo24,irodrigo24@pcworld.com,U
78,Ody,Lemonnier,tC6*IuhPjGkzejh,olemonnier25,olemonnier25@wsj.com,U
79,Lorin,O'Hara,"pC8%Y(P""dY2",lohara26,lohara26@flavors.me,U
80,Packston,Almak,"hQ2""!uF2\u<",palmak27,palmak27@statcounter.com,U
81,Pall,Seak,sF5?.89JhfI%1nop,pseak28,pseak28@quantcast.com,U
82,Jacquenetta,Mearing,sG1a?@5EA>7h%|,jmearing29,jmearing29@flavors.me,U
83,Nye,Gaiter,rW4}.`frB,ngaiter2a,ngaiter2a@scientificamerican.com,U
84,Darsie,Aleksahkin,aQ4~j.mB8=/uF,daleksahkin2b,daleksahkin2b@aol.com,U
85,Vittoria,McAteer,dO3\r=8f.{rv&1,vmcateer2c,vmcateer2c@t-online.de,U
86,Humbert,Halse,"yM1'JL7#""r6h/E4",hhalse2d,hhalse2d@goo.gl,U
87,Hebert,Concannon,vD8)9LhZQC'mBcl,hconcannon2e,hconcannon2e@hibu.com,U
88,Amandy,Syres,eR5%WJ*tZ~9'hW,asyres2f,asyres2f@sitemeter.com,U
89,Daisi,Seatter,"vA3~ceux|mn""|T_&",dseatter2g,dseatter2g@accuweather.com,U
90,Gordon,Tubritt,rP7+&1GW_>8r,gtubritt2h,gtubritt2h@opensource.org,U
91,Yves,Dobell,cO0{Y`r'h,ydobell2i,ydobell2i@mac.com,U
92,Phyllis,Pavese,zX9(@XN3'Wae0Pf,ppavese2j,ppavese2j@yale.edu,U
93,Raimundo,Langham,"yY2""a(hmGvhog",rlangham2k,rlangham2k@epa.gov,U
94,Frankie,Beetham,mL0{YpKia,fbeetham2l,fbeetham2l@state.tx.us,U
95,Millie,Yurivtsev,rD9!>zs'bu#an,myurivtsev2m,myurivtsev2m@ca.gov,U
96,Silvan,Kordt,vS4?*vDwQ,skordt2n,skordt2n@cocolog-nifty.com,U
97,Leroi,Yoseloff,aP5(lN1aU?2C<rtj,lyoseloff2o,lyoseloff2o@qq.com,U
98,Carlee,Craw,gV1'8m$k,ccraw2p,ccraw2p@blogspot.com,U
99,Daryl,Priddy,xR3.aKIla=,dpriddy2q,dpriddy2q@topsy.com,U
100,Sena,McGinny,tG2*hr3vez<>a.,smcginny2r,smcginny2r@china.com.cn,U
101,Adrianna,Nequest,xT2\s46d*HL<,anequest2s,anequest2s@example.com,U
102,Adrea,Heining,zH9`gw/c41hy}=x7,aheining2t,aheining2t@privacy.gov.au,U
103,Mirelle,Lafflin,uZ2|P.+d5_Uj,mlafflin2u,mlafflin2u@woothemes.com,U
104,Cale,Swinley,"nH8?wDW.DIG""",cswinley2v,cswinley2v@sphinn.com,U
105,Clayborn,Rydings,hF2%zA63EHzN'o,crydings2w,crydings2w@bigcartel.com,U
106,Carrie,Russe,tL3?+Ka~QN,crusse2x,crusse2x@accuweather.com,U
107,Harlen,Elington,fB9'sn9jUd4TP,helington2y,helington2y@about.me,U
108,Beaufort,Harmar,cO0)?zh\YMa,bharmar2z,bharmar2z@yellowpages.com,U
109,Putnam,Titcom,sZ8\~?.<\@LQIQM,ptitcom30,ptitcom30@yelp.com,U
110,Allayne,Janeczek,fR5#z%#_pI.1{ebd,ajaneczek31,ajaneczek31@fda.gov,U
111,Kain,Enrietto,vQ4aPa)%&H_(?Lj_,kenrietto32,kenrietto32@biblegateway.com,U
112,Virgilio,Hallatt,bD8%CC1qa_FpI,vhallatt33,vhallatt33@de.vu,U
113,Sherline,Martonfi,wN8*ht(5~,smartonfi34,smartonfi34@vk.com,U
114,Tamar,Jordanson,tE8>!L<',tjordanson35,tjordanson35@pinterest.com,U
115,Cherlyn,Rugiero,tM4)YdmlJC,crugiero36,crugiero36@vimeo.com,U
116,Wanids,Kempstone,xQ9*Ih07r2,wkempstone37,wkempstone37@photobucket.com,U
117,Agnella,Andreasson,qG1@I>C/ynG,aandreasson38,aandreasson38@engadget.com,U
118,Randall,Shegog,bO3#Vaby,rshegog39,rshegog39@trellian.com,U
119,Ulrica,Wile,eI9~bqj`,uwile3a,uwile3a@dailymotion.com,U
120,Piotr,Cicco,qQ1}K|5m=,pcicco3b,pcicco3b@dell.com,U
121,Doti,Miklem,sZ6/${cUk&t9,dmiklem3c,dmiklem3c@hugedomains.com,U
122,Flss,Hundley,"mE7""|R#=9gjM%cy`",fhundley3d,fhundley3d@gravatar.com,U
123,Kristien,Jirik,nE1?pAXLg2z=\3S%,kjirik3e,kjirik3e@nydailynews.com,U
124,Sosanna,Baldin,dS9/>\e+tJklTsag,sbaldin3f,sbaldin3f@hostgator.com,U
125,Natalee,Really,sY3$r6?uRg)knP%6,nreally3g,nreally3g@uiuc.edu,U
126,Chlo,Walmsley,lV4#UU{.4f8eTy,cwalmsley3h,cwalmsley3h@apple.com,U
127,Gabriel,Tolan,vD4?<iWVk9,gtolan3i,gtolan3i@xing.com,U
128,Hildagarde,Vernau,lC0|HfpDb,hvernau3j,hvernau3j@wikia.com,U
129,Maximilian,Losano,nE5|{!@Mw%_Ef,mlosano3k,mlosano3k@yelp.com,U
130,Alex,Mazzia,gP2&7_&O\w,amazzia3l,amazzia3l@jalbum.net,U
131,Odella,Simeon,tJ6+V{g0EwTa{,osimeon3m,osimeon3m@bbc.co.uk,U
132,Judith,Walework,oO4=&W7G,jwalework3n,jwalework3n@aol.com,U
133,Holli,Bateup,"mC4""xtZ0JxOk",hbateup3o,hbateup3o@hc360.com,U
134,Cassaundra,Jirek,sX9'v?ZU}jUKT$,cjirek3p,cjirek3p@e-recht24.de,U
135,Keriann,Dilley,jV3>>=u|bpJ}5eN,kdilley3q,kdilley3q@blogspot.com,U
136,Janet,Lehemann,qN5{3(YeO4Z$,jlehemann3r,jlehemann3r@google.pl,U
137,Brandise,Hallatt,fG0+vrz\eiQ>R#x*,bhallatt3s,bhallatt3s@simplemachines.org,U
138,Fayre,Seccombe,mM9(50PwvhT\,fseccombe3t,fseccombe3t@alexa.com,U
139,Bonni,Porcher,"tY7+""Sy<CS8n8",bporcher3u,bporcher3u@goodreads.com,U
140,Idaline,Dugget,zZ9)22FF,idugget3v,idugget3v@mozilla.com,U
141,Barbe,Coraini,uP9><cg}gNz(A,bcoraini3w,bcoraini3w@angelfire.com,U
142,Yoshi,Jankovsky,gQ2&<DDF?IA)|$b3,yjankovsky3x,yjankovsky3x@sphinn.com,U
143,Charmain,Rooze,"dU3""ubw+yRD%JT9",crooze3y,crooze3y@bbb.org,U
144,Barret,Hearl,eN5?eFzy94o,bhearl3z,bhearl3z@bloglines.com,U
145,Gearalt,Pattisson,cL8<<TFZUQ3,gpattisson40,gpattisson40@paginegialle.it,U
146,Penn,Vest,bO1?jVzmrBj+j4,pvest41,pvest41@quantcast.com,U
147,Fleming,Woodington,aX6'(AJLy\d,fwoodington42,fwoodington42@washingtonpost.com,U
148,Emelia,Brewett,hJ6'jasBvE.VQ,ebrewett43,ebrewett43@mozilla.org,U
149,Myrlene,Mendonca,pO8`LL1|XxRHkHNj,mmendonca44,mmendonca44@smh.com.au,U
150,Kirsten,Pusill,iG8<dOpMQ`~n,kpusill45,kpusill45@sun.com,U
151,Jaine,Tolman,sK1|sRKpON,jtolman46,jtolman46@hubpages.com,U
152,Mae,MacIlurick,hI6@rmg|,mmacilurick47,mmacilurick47@g.co,U
153,Gayleen,Footer,kF7?LBZP_E,gfooter48,gfooter48@nytimes.com,U
154,Loraine,Powney,gF6$l{Y}wTfSjt,lpowney49,lpowney49@webmd.com,U
155,Addison,Tribbeck,iM5!dC}OPm>D}bP#,atribbeck4a,atribbeck4a@diigo.com,U
156,Atlante,Conradie,wY7=l?|VwD_=,aconradie4b,aconradie4b@engadget.com,U
157,Toby,Renehan,uH5+?W&ln,trenehan4c,trenehan4c@census.gov,U
158,Opaline,Cornfield,eU3\d($VRJ`&S0k,ocornfield4d,ocornfield4d@whitehouse.gov,U
159,Neill,Worters,lH2+wM'\KY,nworters4e,nworters4e@ucla.edu,U
160,Dawn,Elverstone,gU1%+QGsP4\gG8xW,delverstone4f,delverstone4f@walmart.com,U
161,Vassily,Rihanek,tF7~00ctd|K+Mlf,vrihanek4g,vrihanek4g@alexa.com,U
162,Ollie,Caldeiro,iI3_Rf<}`1P,ocaldeiro4h,ocaldeiro4h@wufoo.com,U
163,Hilly,Alkin,aT3/W3(x0k,halkin4i,halkin4i@nifty.com,U
164,Noemi,Gamlyn,xY4)EiT|,ngamlyn4j,ngamlyn4j@amazon.co.uk,U
165,Norah,Doding,hI3+F6Fr%cnS3zK,ndoding4k,ndoding4k@netlog.com,U
166,Spense,Zamudio,rA5/n2EON,szamudio4l,szamudio4l@a8.net,U
167,Klaus,Bantock,qC9*%OwdS@W.,kbantock4m,kbantock4m@cbsnews.com,U
168,Gerardo,Tharme,cW5<*iNB,gtharme4n,gtharme4n@weather.com,U
169,Yoshi,Balsdone,oN6*0<c/QG=V,ybalsdone4o,ybalsdone4o@nature.com,U
170,Albie,Leaburn,nN6&2#r`#(W='6,aleaburn4p,aleaburn4p@bbc.co.uk,U
171,Calla,Reiner,"iA2""=nS|",creiner4q,creiner4q@apache.org,U
172,Gray,Valti,xZ6/HQIwA{qz5f,gvalti4r,gvalti4r@npr.org,U
173,Augustus,Mollon,cY7{tPgYX33,amollon4s,amollon4s@studiopress.com,U
174,Joaquin,Dorling,bG4@OiaP$#$,jdorling4t,jdorling4t@businessinsider.com,U
175,Julio,Starmore,xZ7+{Tfpghp#j}7U,jstarmore4u,jstarmore4u@smh.com.au,U
176,Sisely,Dinsdale,tZ3)5<UB/#R6%0~p,sdinsdale4v,sdinsdale4v@booking.com,U
177,Glori,Friedank,cU9!}SstY)}lxGx,gfriedank4w,gfriedank4w@msn.com,U
178,Hobard,Stammirs,iE7{%c)5&agq)7,hstammirs4x,hstammirs4x@bbc.co.uk,U
179,Conant,Dixson,"lQ6`dcfUZY{Zk""",cdixson4y,cdixson4y@accuweather.com,U
180,Haley,Irons,"mC1)1~~ib#""|2",hirons4z,hirons4z@creativecommons.org,U
181,Reade,Carratt,jK9\YxVjp?ey(,rcarratt50,rcarratt50@themeforest.net,U
182,Wendeline,Kaubisch,dC6|yznq!o3,wkaubisch51,wkaubisch51@princeton.edu,U
183,Tann,Kenson,yS4~+pwIJG0w,tkenson52,tkenson52@livejournal.com,U
184,Dotti,Shortcliffe,qW3#EBlz_%r,dshortcliffe53,dshortcliffe53@apple.com,U
185,Shaylynn,Arni,"pE3#%=j7pxL\8a?""",sarni54,sarni54@163.com,U
186,Virgilio,Clothier,"kJ4!""B=NVwu",vclothier55,vclothier55@dell.com,U
187,Amil,Chapell,lG0&IQTnk4TLp,achapell56,achapell56@uiuc.edu,U
188,Ashien,Karpman,jF4>h~jO,akarpman57,akarpman57@stanford.edu,U
189,Talbert,Flanders,yU7&jW$JC.prB(,tflanders58,tflanders58@nih.gov,U
190,Noami,de Marco,"wT7'vQt~)*1w""A",ndemarco59,ndemarco59@xrea.com,U
191,Ricky,Simonou,iN5}VZMz<wV,rsimonou5a,rsimonou5a@barnesandnoble.com,U
192,Rowland,Retallack,sE2&=HSknGw&H,rretallack5b,rretallack5b@1und1.de,U
193,Ronda,Krzyzaniak,rG6\X=tE%ac|e~pS,rkrzyzaniak5c,rkrzyzaniak5c@altervista.org,U
194,Faun,Goldin,kM2*VfVMP.?n6,fgoldin5d,fgoldin5d@bandcamp.com,U
195,Matt,Behagg,iT3)6zdH>P,mbehagg5e,mbehagg5e@woothemes.com,U
196,Dickie,Rumney,jP6>K4WMVc0u}vv.,drumney5f,drumney5f@ibm.com,U
197,Kissiah,Hirsthouse,oZ8%stM6.h0g,khirsthouse5g,khirsthouse5g@prweb.com,U
198,Kain,Farherty,"rT8<B\#/?=i\E""/F",kfarherty5h,kfarherty5h@slideshare.net,U
199,Sadella,Faraker,lX2*d9_GNq,sfaraker5i,sfaraker5i@parallels.com,U
200,Florie,Absalom,hG1#y1KN{~,fabsalom5j,fabsalom5j@comcast.net,U
201,Giana,Ettridge,bF4(aZY*K4XfFwYb,gettridge5k,gettridge5k@1688.com,U
202,Leora,Allom,qM0.IH%$FL6+'<I.,lallom5l,lallom5l@sbwire.com,U
203,Gerard,Pedlar,uO8\SOWP+W2rZ,gpedlar5m,gpedlar5m@a8.net,U
204,Brandtr,Zelake,"dP7""2%4Oau.",bzelake5n,bzelake5n@over-blog.com,U
205,Zebedee,Butt,mX3_!e0fQF!),zbutt5o,zbutt5o@boston.com,U
206,Seumas,Tadd,yJ0acJL{}H<tZ,stadd5p,stadd5p@uiuc.edu,U
207,Kassi,Kiddell,"fW3*~""Az4Ns",kkiddell5q,kkiddell5q@princeton.edu,U
208,Justine,Wysome,zM2|`N\Uayme!T,jwysome5r,jwysome5r@va.gov,U
209,Jory,Gillinghams,qC7$Z/nT,jgillinghams5s,jgillinghams5s@gizmodo.com,U
210,Diana,Gouda,nU5#x8J5_&4C8ku\,dgouda5t,dgouda5t@ca.gov,U
211,Barbette,Chaloner,bV1\QDnrB9ED,bchaloner5u,bchaloner5u@discovery.com,U
212,Fania,Abendroth,"gQ4&Z""x@Cge",fabendroth5v,fabendroth5v@godaddy.com,U
213,Idalia,Hawkyens,"jS2%#0x0D""U*L""C2",ihawkyens5w,ihawkyens5w@people.com.cn,U
214,Pepillo,Pedley,gW7)=V~C&5&>gvJ,ppedley5x,ppedley5x@prweb.com,U
215,Nerty,Buckler,"vM6)7bUz}gNV""v",nbuckler5y,nbuckler5y@jalbum.net,U
216,Dodie,Gonneau,nZ4'+l9<,dgonneau5z,dgonneau5z@alexa.com,U
217,Talyah,Jumonet,zB3#~Ch45{kl,tjumonet60,tjumonet60@weebly.com,U
218,Hesther,Roome,sX0#$~T#{%8,hroome61,hroome61@upenn.edu,U
219,Ezekiel,Riggulsford,hR0)$K9X,eriggulsford62,eriggulsford62@examiner.com,U
220,Hollis,Cours,pF9@Y(t>\&j8,hcours63,hcours63@wp.com,U
221,Tracy,Sommerville,yC5\bUFJBlZw&tf,tsommerville64,tsommerville64@washingtonpost.com,U
222,Emlen,Doumenc,lW3}&bP@pG,edoumenc65,edoumenc65@elegantthemes.com,U
223,Giralda,Svanini,qT4{#Oj=?EEsv90b,gsvanini66,gsvanini66@last.fm,U
224,Ugo,Pettengell,rO4@6ee\nF,upettengell67,upettengell67@microsoft.com,U
225,Rosa,Cottrill,jL1'hZI*Jd0G|fYv,rcottrill68,rcottrill68@typepad.com,U
226,Pinchas,Rumens,kY5`PXXVLyh~8,prumens69,prumens69@de.vu,U
227,Jeramie,Fieldgate,fH4)0{93>.,jfieldgate6a,jfieldgate6a@soundcloud.com,U
228,Tan,Gudeman,kW8|&apAK_|w<b4,tgudeman6b,tgudeman6b@pcworld.com,U
229,Andeee,Kmiec,aN6|bGp&+l5x,akmiec6c,akmiec6c@bloglovin.com,U
230,Neel,Sears,dV7<l%+!C1CaBXO3,nsears6d,nsears6d@imageshack.us,U
231,Fiona,Fahy,jJ3!DcF)87m,ffahy6e,ffahy6e@irs.gov,U
232,Kippar,Prescote,fZ3`L#~dGkF4,kprescote6f,kprescote6f@purevolume.com,U
233,Bronny,Jacquemard,qJ8=x6=.Wctn_9a,bjacquemard6g,bjacquemard6g@hc360.com,U
234,Janel,Godin,fI2&Dk<%K9,jgodin6h,jgodin6h@ovh.net,U
235,Reggi,Kalisch,tB5'aEY\H7,rkalisch6i,rkalisch6i@slashdot.org,U
236,Janine,Breen,xM3|y$C_L,jbreen6j,jbreen6j@zimbio.com,U
237,Dennet,Nanson,mR1aIvygRJcJ,dnanson6k,dnanson6k@hp.com,U
238,Jeramey,Brash,dT8|\Iu#,jbrash6l,jbrash6l@time.com,U
239,Fields,Parlet,"pF9`7""lk&",fparlet6m,fparlet6m@mapquest.com,U
240,Patin,Danko,eZ6!Pdn#,pdanko6n,pdanko6n@google.com,U
241,Willette,Setford,zT4@J@MhS,wsetford6o,wsetford6o@washingtonpost.com,U
242,Bab,Carbine,"lA5*iR9""/WS",bcarbine6p,bcarbine6p@mozilla.org,U
243,Bibbye,Palley,tN7`G4u>/6ihi)5M,bpalley6q,bpalley6q@netscape.com,U
244,Maximilien,Harnor,dN1{q?$HTgQ\M,mharnor6r,mharnor6r@gizmodo.com,U
245,Jacintha,Jobern,fQ1*hhIccrsqi,jjobern6s,jjobern6s@bing.com,U
246,Clemens,Kyncl,qT9.PE5'OyX0$!,ckyncl6t,ckyncl6t@netvibes.com,U
247,Wynn,Clues,lB7.~xa$DM}lFF,wclues6u,wclues6u@state.tx.us,U
248,Ines,Dargavel,"rP9""h9FND!pu",idargavel6v,idargavel6v@hp.com,U
249,Humphrey,Kemston,gL7<p7rjO,hkemston6w,hkemston6w@themeforest.net,U
250,Erroll,Phizacklea,mY2*U/30&=1N},ephizacklea6x,ephizacklea6x@zimbio.com,U
251,Nathanael,Grunwall,dT4&7@TPcbSGRX,ngrunwall6y,ngrunwall6y@digg.com,U
252,Kilian,Shead,tV8+$woPGyH!1zQ,kshead6z,kshead6z@pen.io,U
253,Kimbell,Follen,wY3<VZRlZav,kfollen70,kfollen70@123-reg.co.uk,U
254,Claiborne,Adrian,xS7azYGo,cadrian71,cadrian71@bandcamp.com,U
255,Berthe,Bills,"fF1>M""lD=""B",bbills72,bbills72@ted.com,U
256,Berry,Drinkeld,"zW5}gD!1CwPqSl""",bdrinkeld73,bdrinkeld73@umich.edu,U
257,Jobey,Cicetti,lJ7#SJ*`u`cv,jcicetti74,jcicetti74@cloudflare.com,U
258,Dionysus,Garlett,iN2{wSHhmRuxZ,dgarlett75,dgarlett75@mozilla.org,U
259,Darbee,Larrosa,xK8*>.0U,dlarrosa76,dlarrosa76@baidu.com,U
260,Teena,Wrathall,"iJ0!\""0F_m$NvA~E",twrathall77,twrathall77@weibo.com,U
261,Laurie,Langcastle,nF6{!@$3Xa3q,llangcastle78,llangcastle78@umn.edu,U
262,Cristi,Stirman,qF2=${n(k|y?o,cstirman79,cstirman79@aboutads.info,U
263,Jocelin,Albinson,"fW0\rIv8itF""8",jalbinson7a,jalbinson7a@twitpic.com,U
264,Ileane,Bambrugh,rJ5.FnaL%{*42,ibambrugh7b,ibambrugh7b@yahoo.co.jp,U
265,Guglielma,Gerrit,"lR3""4?<Hnp'PJx",ggerrit7c,ggerrit7c@sfgate.com,U
266,Sara-ann,Gimeno,"eX2@r.Puad*""NJ'w",sgimeno7d,sgimeno7d@jigsy.com,U
267,Alejoa,Wegenen,iM8(G0w=b\%A{6|a,awegenen7e,awegenen7e@vkontakte.ru,U
268,Janot,Boller,nW7{lqNv<G~APIwQ,jboller7f,jboller7f@devhub.com,U
269,Almira,Wingate,"cE0""3+*2gHl",awingate7g,awingate7g@vimeo.com,U
270,Vikki,Rust,cY3=2`J>x,vrust7h,vrust7h@sitemeter.com,U
271,Frans,Kelsell,iM5&c\!oaaklfY&,fkelsell7i,fkelsell7i@telegraph.co.uk,U
272,Angelique,Padly,pH7(%+DAx//,apadly7j,apadly7j@youtube.com,U
273,Shay,Startin,"iW2""sY1k",sstartin7k,sstartin7k@naver.com,U
274,Hoebart,Lerwill,zI5{9w#CuMJEw0>,hlerwill7l,hlerwill7l@shop-pro.jp,U
275,Dietrich,Hakeworth,pO1<9HV*z}UlN,dhakeworth7m,dhakeworth7m@umich.edu,U
276,Zsazsa,Durante,bE5{|9X%a,zdurante7n,zdurante7n@eventbrite.com,U
277,Klarika,Leither,fO9)Vmm4U,kleither7o,kleither7o@mac.com,U
278,Modestia,Moughton,"zI6~YYD*%y""4}bVz",mmoughton7p,mmoughton7p@mayoclinic.com,U
279,Reine,Nanetti,cQ3&U0)4,rnanetti7q,rnanetti7q@paginegialle.it,U
280,Olvan,Tingcomb,pF5<<&79}<<Q{_,otingcomb7r,otingcomb7r@shareasale.com,U
281,Reese,Dubber,nZ7|w<F3TmM,rdubber7s,rdubber7s@google.es,U
282,Elfrieda,Fleeman,lV5|9R&Mh,efleeman7t,efleeman7t@imdb.com,U
283,Jenda,Gunda,uF2&Jy>o>~Eb@#,jgunda7u,jgunda7u@un.org,U
284,Margarita,Blowfelde,nP0=}cYK\2|xlV,mblowfelde7v,mblowfelde7v@nytimes.com,U
285,Padraig,Ducroe,tB7|.bpMml{0i,pducroe7w,pducroe7w@plala.or.jp,U
286,Mira,Villaron,aR3%bz!h7,mvillaron7x,mvillaron7x@biglobe.ne.jp,U
287,Nev,Driussi,oG0`&Bpy1g&uco,ndriussi7y,ndriussi7y@lycos.com,U
288,Dorothea,Sambath,hZ1aB@5ayuT8jG,dsambath7z,dsambath7z@over-blog.com,U
289,Merrili,Gathwaite,"cU4`!jxkMSF#""aW.",mgathwaite80,mgathwaite80@chron.com,U
290,Zach,Spurr,qZ5`=ERW=348e}K6,zspurr81,zspurr81@jugem.jp,U
291,Renato,Verrier,fN7>OE\$c(,rverrier82,rverrier82@sciencedaily.com,U
292,Piggy,Arnot,xW3##iolyR,parnot83,parnot83@abc.net.au,U
293,Astrid,Mayer,pN6$9Es(p,amayer84,amayer84@nhs.uk,U
294,Marjorie,Weeke,rS6(3e+u(<~,mweeke85,mweeke85@fc2.com,U
295,Jaclyn,Dowyer,"nD0~S=Q3my%a@CD""",jdowyer86,jdowyer86@usnews.com,U
296,Easter,Luck,cN5<c_/g?AuBSP,eluck87,eluck87@photobucket.com,U
297,Rafaelia,Dust,"iU4""6ZFla.>KaToa",rdust88,rdust88@bandcamp.com,U
298,Harp,Harrow,"hV0#g3$#V""k""",hharrow89,hharrow89@usnews.com,U
299,Babbie,Friedman,mU6'Yi%OX,bfriedman8a,bfriedman8a@seattletimes.com,U
300,Martino,Scollick,aU5.|6(xjOJ4,mscollick8b,mscollick8b@umn.edu,U
301,Hussein,Blastock,gH7\b5o`,hblastock8c,hblastock8c@exblog.jp,U
302,Constantine,Olman,zD3`D*9=YlnTh,colman8d,colman8d@eepurl.com,U
303,Cirilo,Nicholson,oI3.*aSOj)%aoI4,cnicholson8e,cnicholson8e@blogs.com,U
304,Audi,Stansall,"xF6=U""B#Mib4?s|N",astansall8f,astansall8f@bizjournals.com,U
305,Woodman,Jay,"zD4(p.Ax}""Wo""",wjay8g,wjay8g@canalblog.com,U
306,Mabelle,Selbie,cU0_26*OOt\/rZ=,mselbie8h,mselbie8h@clickbank.net,U
307,Catina,Dowden,"jX9!>&""e6nayMkZ",cdowden8i,cdowden8i@bloglovin.com,U
308,Cathleen,Cuffe,wB4<`~nZe,ccuffe8j,ccuffe8j@princeton.edu,U
309,Alphard,Garvin,bF7)_&LsOah,agarvin8k,agarvin8k@weibo.com,U
310,Krisha,Dinkin,"pE0#x>Xe""Vd",kdinkin8l,kdinkin8l@loc.gov,U
311,Reeba,Drysdall,wL3!465bK}hC/~,rdrysdall8m,rdrysdall8m@soundcloud.com,U
312,Mureil,Gluyas,hE4`WlZ98J_Dmwl,mgluyas8n,mgluyas8n@prnewswire.com,U
313,Horatio,Konert,sU3?!SbC,hkonert8o,hkonert8o@usnews.com,U
314,Bjorn,Rourke,"aR0""Q0+~jDYKFLVN",brourke8p,brourke8p@discovery.com,U
315,Minda,Pitsall,dN3%Qk*.2E_iNm,mpitsall8q,mpitsall8q@discovery.com,U
316,Nat,Huzzay,"sD8~M))l"")K",nhuzzay8r,nhuzzay8r@creativecommons.org,U
317,Allissa,Morlon,tE9?h9Z\$,amorlon8s,amorlon8s@admin.ch,U
318,Ernesto,Strothers,yG8?UCnIgnd=h6k,estrothers8t,estrothers8t@google.pl,U
319,Corty,Gossling,eU8'4#*b>,cgossling8u,cgossling8u@wikipedia.org,U
320,Veronique,Bosma,pL6_=%E2)b)u%,vbosma8v,vbosma8v@gmpg.org,U
423,Tyler,Sheehan,password,tjsheeha,tjsheeha@uvm.edu,A
424,Matthew,Clark,password,mClarke,mClarke@uvm.edu,A